{
  "type": "service_account",
  "project_id": "REPLACE_ME",
  "private_key_id": "REPLACE_ME",
  "private_key": "-----BEGIN PRIVATE KEY-----\nREPLACE_ME\n-----END PRIVATE KEY-----\n",
  "client_email": "REPLACE_ME@REPLACE_ME.iam.gserviceaccount.com",
  "client_id": "REPLACE_ME",
  "auth_uri": "https://accounts.google.com/o/oauth2/auth",
  "token_uri": "https://accounts.google.com/o/oauth2/token",
  "auth_provider_x509_cert_url": "https://www.googleapis.com/oauth2/v1/certs",
  "client_x509_cert_url": "https://www.googleapis.com/robot/v1/metadata/x509/REPLACE_ME%40REPLACE_ME.iam.gserviceaccount.com"
}
